kategori	judul
teknologi	Ponsel lipat generasi kedua hadir dengan engsel lebih tahan lama
teknologi	Layanan komputasi awan perusahaan itu mengalami gangguan selama tiga jam
teknologi	Mobil listrik otonom mulai diuji coba di jalan raya beberapa kota
politik	Delegasi kedua negara menandatangani nota kesepahaman kerja sama
teknologi	Perusahaan teknologi memamerkan perangkat realitas tertambah pada konferensi tahunan
ekonomi	Bank sentral memutuskan menahan suku bunga acuan pada level yang sama
politik	Survei menunjukkan kepuasan publik terhadap pemerintah meningkat
ekonomi	Utang luar negeri dilaporkan turun tipis pada akhir kuartal ketiga
ekonomi	Daya beli masyarakat membaik seiring turunnya harga bahan pangan
teknologi	Aplikasi pesan menambahkan enkripsi untuk melindungi percakapan pengguna
politik	Dewan menyetujui rancangan undang-undang setelah pembahasan panjang
politik	Pemerintah daerah mengalokasikan anggaran tambahan untuk sektor pendidikan
ekonomi	Neraca perdagangan mencatat surplus selama enam bulan berturut-turut
ekonomi	Kredit usaha mikro disalurkan bank untuk mendorong pertumbuhan sektor riil
ekonomi	Bank memangkas proyeksi pertumbuhan ekonomi akibat perlambatan ekspor
olahraga	Pemain muda itu memecahkan rekor gol terbanyak sepanjang musim liga
politik	Dewan membentuk panitia khusus untuk menyelidiki kasus tersebut
olahraga	Juara bertahan tersingkir setelah kalah adu penalti pada laga perempat final
teknologi	Perusahaan teknologi merilis ponsel pintar terbaru dengan kamera resolusi tinggi
teknologi	Peneliti mengembangkan baterai perangkat yang terisi penuh dalam sepuluh menit
olahraga	Kapten tim mengangkat trofi juara setelah pertandingan final berakhir
olahraga	Wasit mengeluarkan kartu merah setelah pelanggaran keras di kotak penalti
olahraga	Tim tamu gagal memanfaatkan peluang gol pada menit akhir pertandingan
teknologi	Pembaruan perangkat lunak menambal celah keamanan yang dilaporkan bulan lalu
ekonomi	Harga pangan naik menjelang akhir tahun menekan inflasi bulanan
teknologi	Pengguna aplikasi mengeluhkan gangguan layanan setelah pembaruan terbaru
teknologi	Startup teknologi mengumumkan pendanaan untuk mengembangkan platform data
olahraga	Klub itu resmi mendatangkan pemain gelandang dengan kontrak tiga musim
olahraga	Turnamen tahunan akan digelar pekan depan dengan peserta dari sepuluh negara
teknologi	Chip prosesor generasi terbaru diklaim lebih hemat daya dari pendahulunya
teknologi	Pusat data baru dibangun untuk mendukung kebutuhan komputasi awan
olahraga	Gol tunggal striker muda memastikan kemenangan tim tuan rumah
olahraga	Atlet nasional memperbaiki catatan waktu terbaiknya pada babak final
ekonomi	Nilai ekspor produk manufaktur meningkat dibanding periode tahun lalu
ekonomi	Nilai tukar rupiah menguat terhadap dolar pada perdagangan hari ini
olahraga	Kompetisi liga musim ini diikuti delapan belas klub peserta
politik	Kepala daerah dilantik setelah sengketa hasil pemilu selesai diputus
teknologi	Jaringan internet satelit menjangkau wilayah terpencil di kawasan timur
ekonomi	Industri tekstil tertekan akibat melemahnya permintaan pasar global
ekonomi	Harga minyak dunia naik akibat kekhawatiran pasokan dari negara produsen
ekonomi	Subsidi energi dialihkan agar tepat sasaran bagi rumah tangga miskin
teknologi	Serangan siber melumpuhkan layanan digital sebuah lembaga selama dua hari
politik	Komisi pemilihan menetapkan jadwal tahapan pemilu tahun depan
olahraga	Pertandingan ditunda karena hujan deras mengguyur stadion sejak sore
teknologi	Model kecerdasan buatan generatif kini dipakai membantu pengguna menulis kode
olahraga	Tim putri meraih medali emas pada kejuaraan beregu tingkat Asia
olahraga	Suporter memadati stadion untuk mendukung tim kesayangan mereka
teknologi	Standar jaringan nirkabel terbaru menjanjikan kecepatan unduh lebih tinggi
ekonomi	Perusahaan itu membukukan laba lebih tinggi dari proyeksi para analis
ekonomi	Investasi asing tumbuh signifikan pada kuartal kedua tahun ini
politik	Pemimpin partai menyerukan konsolidasi menjelang tahun politik
teknologi	Robot industri menggantikan pekerjaan berulang pada lini perakitan pabrik
politik	Menteri dan dewan menyepakati revisi anggaran kementerian tahun ini
politik	Sidang paripurna menetapkan pimpinan lembaga negara periode berikutnya
politik	Partai oposisi menolak kebijakan pemerintah soal subsidi
politik	Aliansi masyarakat sipil menggelar aksi menolak revisi undang-undang itu
politik	Fraksi oposisi mengkritik anggaran yang dinilai kurang tepat sasaran
olahraga	Bursa transfer ditutup dengan pembelian pemain termahal sejarah klub
ekonomi	Pasar obligasi diminati investor seiring imbal hasil yang menarik
ekonomi	Sektor pariwisata pulih dengan lonjakan kunjungan wisatawan asing
ekonomi	Inflasi tahunan tercatat lebih rendah dari perkiraan para ekonom
olahraga	Tim nasional menang tiga gol tanpa balas pada laga kualifikasi
teknologi	Regulasi digital mewajibkan platform melindungi data pribadi pengguna
politik	Sengketa hasil pemilu diajukan ke mahkamah oleh partai yang kalah
ekonomi	Harga emas dunia mencetak rekor tertinggi dalam satu dekade
teknologi	Peneliti memakai pembelajaran mesin untuk memprediksi cuaca ekstrem
politik	Kedua negara membahas isu perbatasan dalam pertemuan tertutup
teknologi	Kecerdasan buatan dipakai menganalisis data medis di rumah sakit rujukan
teknologi	Teknologi pengenalan wajah menuai perdebatan soal privasi data pengguna
politik	Partai koalisi menyatakan dukungan terhadap calon yang diusung bersama
politik	Kebijakan luar negeri difokuskan pada penguatan kerja sama kawasan
olahraga	Pelatih menyebut kondisi pemain membaik menjelang laga final
politik	Menteri menjelaskan kebijakan baru dalam rapat kerja bersama dewan
teknologi	Perangkat lunak sumber terbuka itu dipakai jutaan pengembang di dunia
politik	Presiden melakukan kunjungan kenegaraan membahas kerja sama bilateral
ekonomi	Upah minimum ditetapkan naik pada tahun anggaran berikutnya
politik	Rapat konsultasi membahas mekanisme pengawasan lembaga independen
ekonomi	Indeks harga saham gabungan ditutup menguat didorong sektor perbankan
ekonomi	Pemerintah menargetkan pertumbuhan ekonomi lima persen pada tahun depan
olahraga	Cedera lutut membuat pemain andalan absen hingga akhir musim
politik	Presiden mengumumkan perombakan kabinet setelah evaluasi kinerja menteri
ekonomi	Defisit anggaran ditekan melalui efisiensi belanja kementerian
olahraga	Klub promosi mengejutkan juara liga dengan kemenangan dua gol
politik	Calon kepala daerah mendaftar pada hari terakhir masa pendaftaran pemilu
olahraga	Pelatih memuji mental pemain setelah menang pada laga tandang
olahraga	Federasi menjatuhkan sanksi larangan bertanding tiga laga bagi pemain itu
olahraga	Pelatih kepala mengundurkan diri setelah rangkaian hasil buruk timnya
olahraga	Kapten tim menyatakan siap tampil meski baru pulih dari cedera
